{
  "b": [
    -0.3194437026977539,
    -0.12015222758054733,
    -0.0999465361237526,
    0.1213081032037735,
    0.07895994186401367,
    0.40254607796669006
  ],
  "gamma_1": -0.5883927345275879,
  "gamma_2": 0.5526049733161926,
  "gamma_3": -0.035787761211395264,
  "delta_H": [
    0.1177983507514,
    0.10216835886240005,
    -0.2452683001756668,
    -0.4909532368183136
  ],
  "delta_A": [
    -0.4975796639919281,
    -0.2973655164241791,
    0.03764734044671059,
    0.03994588926434517
  ],
  "optimization": {
    "best_loss": 126575.4609375,
    "num_starts": 5,
    "sigma_a": 0.5,
    "lambda_reg": 0.01
  }
}