{
  "all": {
    "Q": [
      [
        -0.0015456087833216376,
        0.0007157006188779997,
        0.0008299081644436379,
        0.0
      ],
      [
        0.0,
        -0.0008299081644436379,
        0.0,
        0.0008299081644436379
      ],
      [
        0.0,
        0.0,
        -0.0007157006188779997,
        0.0007157006188779997
      ],
      [
        0.0,
        0.0,
        0.0,
        -0.0
      ]
    ],
    "dwell_minutes": {
      "0": 788039.0,
      "1": 21034.0,
      "2": 24110.0,
      "3": 2208.0
    },
    "transitions": {
      "0->2": 654,
      "2->3": 38,
      "0->1": 564,
      "1->3": 40,
      "0->3": 8
    }
  },
  "39": {
    "league_name": "Premier League",
    "Q": [
      [
        -0.0010895042461219538,
        0.0005182506684255781,
        0.0005712535776963757,
        0.0
      ],
      [
        0.0,
        -0.0005712535776963757,
        0.0,
        0.0005712535776963757
      ],
      [
        0.0,
        0.0,
        -0.0005182506684255781,
        0.0005182506684255781
      ],
      [
        0.0,
        0.0,
        0.0,
        -0.0
      ]
    ],
    "dwell_minutes": {
      "0": 169802.0,
      "1": 3398.0,
      "2": 3284.0,
      "3": 88.0
    },
    "transitions": {
      "0->2": 97,
      "0->1": 88,
      "2->3": 3,
      "1->3": 3
    }
  },
  "140": {
    "league_name": "La Liga",
    "Q": [
      [
        -0.001819136337553567,
        0.0008607322939431306,
        0.0009584040436104363,
        0.0
      ],
      [
        0.0,
        -0.0009584040436104363,
        0.0,
        0.0009584040436104363
      ],
      [
        0.0,
        0.0,
        -0.0008607322939431306,
        0.0008607322939431306
      ],
      [
        0.0,
        0.0,
        0.0,
        -0.0
      ]
    ],
    "dwell_minutes": {
      "0": 163814.0,
      "1": 6115.0,
      "2": 6164.0,
      "3": 559.0
    },
    "transitions": {
      "0->1": 141,
      "0->2": 157,
      "1->3": 8,
      "2->3": 11,
      "0->3": 3
    }
  },
  "135": {
    "league_name": "Serie A",
    "Q": [
      [
        -0.0014851366565262175,
        0.0007006491484418042,
        0.0007844875080844132,
        0.0
      ],
      [
        0.0,
        -0.0007844875080844132,
        0.0,
        0.0007844875080844132
      ],
      [
        0.0,
        0.0,
        -0.0007006491484418042,
        0.0007006491484418042
      ],
      [
        0.0,
        0.0,
        0.0,
        -0.0
      ]
    ],
    "dwell_minutes": {
      "0": 166988.0,
      "1": 4164.0,
      "2": 4765.0,
      "3": 523.0
    },
    "transitions": {
      "0->2": 131,
      "0->1": 117,
      "1->3": 10,
      "2->3": 7,
      "0->3": 1
    }
  },
  "78": {
    "league_name": "Bundesliga",
    "Q": [
      [
        -0.001265054514343378,
        0.0005118717688094594,
        0.0007531827455339188,
        0.0
      ],
      [
        0.0,
        -0.0007531827455339188,
        0.0,
        0.0007531827455339188
      ],
      [
        0.0,
        0.0,
        -0.0005118717688094594,
        0.0005118717688094594
      ],
      [
        0.0,
        0.0,
        0.0,
        -0.0
      ]
    ],
    "dwell_minutes": {
      "0": 136753.0,
      "1": 2170.0,
      "2": 3578.0,
      "3": 207.0
    },
    "transitions": {
      "0->1": 70,
      "0->2": 103,
      "1->3": 6,
      "2->3": 2
    }
  },
  "61": {
    "league_name": "Ligue 1",
    "Q": [
      [
        -0.0020838587223424164,
        0.0009822009264543873,
        0.0011016577958880291,
        0.0
      ],
      [
        0.0,
        -0.0011016577958880291,
        0.0,
        0.0011016577958880291
      ],
      [
        0.0,
        0.0,
        -0.0009822009264543873,
        0.0009822009264543873
      ],
      [
        0.0,
        0.0,
        0.0,
        -0.0
      ]
    ],
    "dwell_minutes": {
      "0": 150682.0,
      "1": 5187.0,
      "2": 6319.0,
      "3": 831.0
    },
    "transitions": {
      "0->2": 166,
      "2->3": 15,
      "0->1": 148,
      "1->3": 13,
      "0->3": 4
    }
  }
}